{"n_nom": {"loc": 15.384442329406738, "scale": 0.46518418192863464}, "n_dev": {"loc": 16.051170349121094, "scale": 2.135124444961548}, "n_chp": {"loc": 15.333971977233887, "scale": 2.437657117843628}, "eaa_nom": {"loc": 39.88542938232422, "scale": 0.9522593021392822}}