{"n_nom": {"loc": 12.951537132263184, "scale": 0.47044461965560913}, "n_dev": {"loc": 13.810782432556152, "scale": 2.1782259941101074}, "n_chp": {"loc": 14.026066780090332, "scale": 2.531247854232788}, "eaa_nom": {"loc": 40.09590148925781, "scale": 0.9631585478782654}}