{"n_nom": {"loc": 14.938802719116211, "scale": 0.4732985198497772}, "n_dev": {"loc": 18.67654037475586, "scale": 2.0235743522644043}, "n_chp": {"loc": 14.086390495300293, "scale": 2.5754928588867188}, "eaa_nom": {"loc": 39.857574462890625, "scale": 0.9686474204063416}}