{"nbti_a0_nom": {"loc": 6.218704700469971, "scale": 0.9747657775878906}, "nbti_eaa_nom": {"loc": 6.186507701873779, "scale": 0.29232630133628845}, "nbti_alpha_nom": {"loc": 5.659891605377197, "scale": 0.137386754155159}, "nbti_n_nom": {"loc": 2.063920497894287, "scale": 0.2504885494709015}, "phci_a0_nom": {"loc": 11.028437614440918, "scale": 2.7279229164123535}, "phci_u_nom": {"loc": 11.259185791015625, "scale": 0.6938877105712891}, "phci_alpha_nom": {"loc": 1.0963518619537354, "scale": 0.288474440574646}, "phci_beta_nom": {"loc": 5.263739109039307, "scale": 2.459177255630493}}