{"pbti_a0_nom": {"loc": 3.994981288909912, "scale": 0.6433743834495544}, "pbti_eaa_nom": {"loc": 6.206906795501709, "scale": 0.2923927307128906}, "pbti_alpha_nom": {"loc": 4.876016616821289, "scale": 0.24922409653663635}, "pbti_n_nom": {"loc": 1.4628486633300781, "scale": 0.2569361925125122}, "nhci_a0_nom": {"loc": 8.475459098815918, "scale": 2.1591637134552}, "nhci_u_nom": {"loc": 14.915721893310547, "scale": 1.356283187866211}, "nhci_alpha_nom": {"loc": 1.1213269233703613, "scale": 0.29609426856040955}, "nhci_beta_nom": {"loc": 5.423576354980469, "scale": 2.4660186767578125}}