{"b1": {"nbti_voff_sensor": [[-0.07145182289999996, -0.25528971356666663, -0.06778971350000002, -0.26847330729999996, -0.02213541670000002], [-0.03678385413333335, -0.28922526039999996, -0.16682942709999998, -0.18644205730000002, -0.09635416666666663]], "pbti_voff_sensor": [[-0.12573242189999995, -0.03336588539999996, -0.03881835940000006, -0.032145182299999964, -0.025309244800000075], [-0.10660807293333335, -0.14477539063333333, -0.04850260413333335, -0.02327473963333332, -0.1482747395666667]], "phci_voff_sensor": [[-0.1796875, -0.07584635420000001, -0.04052734376666667, -0.23177083333333331, -0.027587890599999998], [-0.057861328133333334, -0.014078776033333296, -0.2364908854666667, -0.00561523433333333, -0.2607421875]], "nhci_voff_sensor": [[-0.05428059896666659, -0.009928385400000073, -0.03865559893333337, -0.009847005200000036, -0.057210286466666704], [-0.19514973956666665, 0.0, -0.04313151039999996, -0.01684570316666667, -0.0048014323333333]], "nbti_ro_sensor": [[-0.05365296803652968, -0.0520474550325297, -0.04658385093167702, -0.042210283960092056, -0.04233409610983982], [-0.06617929973066568, -0.05326128907757623, -0.061467537456780554, -0.05261121856866529, -0.05764796310530361]], "pbti_ro_sensor": [[-0.01794392523364486, -0.019129782445611403, -0.01959306706857565, -0.015736230798051705, -0.013909774436090141], [-0.02356518434055488, -0.018652455272173497, -0.01726121979286536, -0.019615239532251895, -0.02073906485671196]], "phci_ro_sensor": [[-0.1735191637630662, -0.05056371711650146, -0.05475206611570248, -0.04678362573099419, -0.05112474437627812], [-0.19626814098134063, -0.16897987508674525, -0.05902539464653401, -0.058701657458563615, -0.062351745171128355]], "nhci_ro_sensor": [[-0.11955385151620777, -0.05090536385377516, -0.053066850447966954, -0.047127622979016126, -0.051089918256130795], [-0.12015235457063708, -0.11744266851980549, -0.05874270010305736, -0.05774550484094049, -0.062394031875211975]]}, "b2": {"nbti_voff_sensor": [[-0.015950520833333315, -0.08194986980000002, 0.0, -0.04182942709999998, -0.07430013019999998], [-0.07104492183333336, -0.03572591146666665, -0.04516601560000001, -0.11881510416666669, -0.00048828123333333195]], "pbti_voff_sensor": [[-0.015218098966666704, -0.03564453123333333, -0.010823567699999925, -0.008382161433333368, -0.00944010416666674], [-0.038330078133333334, -0.047851562533333336, -0.0048828125, -0.02189127606666663, -0.014160156233333332]], "phci_voff_sensor": [[-0.14176432290000002, -0.01717122400000004, -0.02083333326666667, -0.037760416699999966, 0.0], [-0.09244791663333332, 0.0, -0.028564453099999998, -0.01090494789999999, -0.03328450519999998]], "nhci_voff_sensor": [[-0.017089843766666668, -0.037679036466666704, -0.015787760433333298, -0.008219401033333351, -0.010986328099999998], [-0.004720052066666591, -0.004475911433333368, -0.02172851566666667, -0.008138020899999987, -0.005615234400000002]], "nbti_ro_sensor": [[-0.034509202453987725, -0.013508297954457696, -0.013229571984435709, -0.011345852895148625, -0.013623978201634966], [-0.005634861006761833, -0.0018860807242549553, -0.012878787878787922, -0.005297010972379828, -0.008227374719521358]], "pbti_ro_sensor": [[-0.009205983889528193, -0.015023112480739599, -0.01480327230229836, -0.010567514677103719, -0.01168679392286716], [-0.003389830508474576, -0.0011320754716981133, -0.011746873815839248, -0.0056732223903177, -0.00934579439252328]], "phci_ro_sensor": [[0.0, -0.005627857896588031, -0.006808169803764608, -0.0031926214969847464, -0.004182642035552457], [0.0, -0.006337558372248203, 0.0, 0.0, 0.0]], "nhci_ro_sensor": [[-0.0017574692442883049, -0.006687785990848333, -0.006410256410256456, -0.0031937544357700494, -0.0041841004184100415], [0.0, -0.0036801605888257703, 0.0, 0.0, 0.0]]}}